{"cameraMode":{"drawMode":0,"name":"Shaded","section":"Shading Mode"},"sceneLighting":true,"audioPlay":false,"sceneViewState":{"m_AlwaysRefresh":false,"showFog":true,"showSkybox":true,"showFlares":true,"showImageEffects":true,"showParticleSystems":true,"showVisualEffectGraphs":true,"m_FxEnabled":true},"in2DMode":false,"pivot":{"x":4.619378089904785,"y":1.4493885040283204,"z":5.045741081237793},"rotation":{"x":-0.15082459151744843,"y":0.23712597787380219,"z":-0.03730379790067673,"w":-0.9589852690696716},"size":11.490077018737793,"orthographic":false}