{"cameraMode":{"drawMode":0,"name":"Shaded","section":"Shading Mode"},"sceneLighting":true,"audioPlay":false,"sceneViewState":{"m_AlwaysRefresh":false,"showFog":true,"showSkybox":true,"showFlares":true,"showImageEffects":true,"showParticleSystems":true,"showVisualEffectGraphs":true,"m_FxEnabled":true},"in2DMode":false,"pivot":{"x":17.435714721679689,"y":2.3075666427612306,"z":-28.475528717041017},"rotation":{"x":0.11249648779630661,"y":0.8699926733970642,"z":-0.23319971561431886,"w":0.41963762044906618},"size":8.499999046325684,"orthographic":false}