{"cameraMode":{"drawMode":0,"name":"Shaded","section":"Shading Mode"},"sceneLighting":true,"audioPlay":false,"sceneViewState":{"m_AlwaysRefresh":false,"showFog":true,"showSkybox":true,"showFlares":true,"showImageEffects":true,"showParticleSystems":true,"showVisualEffectGraphs":true,"m_FxEnabled":true},"in2DMode":false,"pivot":{"x":-1.6400001049041749,"y":3.2278997898101808,"z":7.8600006103515629},"rotation":{"x":-0.11643827706575394,"y":0.6197405457496643,"z":-0.09367044270038605,"w":-0.7704567313194275},"size":13.024354934692383,"orthographic":false}