{"cameraMode":{"drawMode":0,"name":"Shaded","section":"Shading Mode"},"sceneLighting":false,"audioPlay":false,"sceneViewState":{"m_AlwaysRefresh":false,"showFog":true,"showSkybox":false,"showFlares":true,"showImageEffects":true,"showParticleSystems":true,"showVisualEffectGraphs":true,"m_FxEnabled":true},"in2DMode":false,"pivot":{"x":0.22107000648975373,"y":3.5045230388641359,"z":9.893160820007325},"rotation":{"x":-0.042541056871414188,"y":0.9571433663368225,"z":-0.21454459428787232,"w":-0.18993467092514039},"size":0.106590136885643,"orthographic":false}